Package	Version
psych	2.4.3
base	4.4.2
readr	2.1.5
dplyr	1.1.4
stats	4.4.2
reshape2	1.4.4
ggpubr	0.6.0
stringr	1.5.1
raster	3.6-26
MASS	7.3-61
xtable	1.8-4
Matrix	1.7-1
spam	2.10-0
tibble	3.2.1
sp	2.1-4
tidyr	1.3.1
nFactors	2.4.1.1
lattice	0.22-6
brms	2.21.0
loo	2.7.0
purrr	1.0.2
forcats	1.0.0
ggplot2	3.5.1
ggthemes	5.1.0
lemon	0.4.9
ggridges	0.5.6
SH.misc	0.0.0.9000
viridis	0.6.5
grDevices	4.4.2
ape	5.8
phytools	2.1-1
ggalt	0.4.0
ggrepel	0.9.5
colorspace	2.1-1
graphics	4.4.2
scales	1.3.0
utils	4.4.2
adephylo	1.1-16
fields	15.2
rgrambank	0.0.0.9000
randomcoloR	1.1.0.1
jsonlite	1.8.8
magrittr	2.0.3
cmdstanr	0.8.0
